title_id,title_name,content_type,release_year,runtime_minutes,maturity_rating,is_active,updated_at
t1,Galactic Harbor 001,movie,1996,87,PG,true,2025-07-01 01:00:00
t2,Kitchen Frontier 002,movie,1997,94,PG-13,true,2025-07-01 02:00:00
t3,City Venture 003,series,1998,35,R,true,2025-07-01 03:00:00
t4,Mystic Echoes 004,movie,1999,108,TV-Y,true,2025-07-01 04:00:00
t5,Final Chronicle 005,movie,2000,115,TV-G,true,2025-07-01 05:00:00
t6,Pixel Pulse 006,series,2001,50,TV-PG,true,2025-07-01 06:00:00
t7,Wild Zero 007,movie,2002,129,TV-14,true,2025-07-01 07:00:00
t8,Shadow Signal 008,movie,2003,136,TV-MA,true,2025-07-01 08:00:00
t9,Golden Archive 009,series,2004,20,G,true,2025-07-01 09:00:00
t10,Neon Drift 010,movie,2005,80,PG,true,2025-07-01 10:00:00
t11,Galactic Harbor 011,movie,2006,87,PG-13,true,2025-07-01 11:00:00
t12,Kitchen Frontier 012,series,2007,35,R,true,2025-07-01 12:00:00
t13,City Venture 013,movie,2008,101,TV-Y,true,2025-07-01 13:00:00
t14,Mystic Echoes 014,movie,2009,108,TV-G,true,2025-07-01 14:00:00
t15,Final Chronicle 015,series,2010,50,TV-PG,true,2025-07-01 15:00:00
t16,Pixel Pulse 016,movie,2011,122,TV-14,true,2025-07-01 16:00:00
t17,Wild Zero 017,movie,2012,129,TV-MA,true,2025-07-01 17:00:00
t18,Shadow Signal 018,series,2013,20,G,true,2025-07-01 18:00:00
t19,Golden Archive 019,movie,2014,143,PG,true,2025-07-01 19:00:00
t20,Neon Drift 020,movie,2015,80,PG-13,false,2025-07-01 20:00:00
t21,Galactic Harbor 021,series,2016,35,R,true,2025-07-01 21:00:00
t22,Kitchen Frontier 022,movie,2017,94,TV-Y,true,2025-07-01 22:00:00
t23,City Venture 023,movie,2018,101,TV-G,true,2025-07-01 23:00:00
t24,Mystic Echoes 024,series,2019,50,TV-PG,true,2025-07-02 00:00:00
t25,Final Chronicle 025,movie,2020,115,TV-14,true,2025-07-02 01:00:00
t26,Pixel Pulse 026,movie,2021,122,TV-MA,true,2025-07-02 02:00:00
t27,Wild Zero 027,series,2022,20,G,true,2025-07-02 03:00:00
t28,Shadow Signal 028,movie,2023,136,PG,true,2025-07-02 04:00:00
t29,Golden Archive 029,movie,2024,143,PG-13,true,2025-07-02 05:00:00
t30,Neon Drift 030,series,2025,35,R,true,2025-07-02 06:00:00
t31,Galactic Harbor 031,movie,1995,87,TV-Y,true,2025-07-02 07:00:00
t32,Kitchen Frontier 032,movie,1996,94,TV-G,true,2025-07-02 08:00:00
t33,City Venture 033,series,1997,50,TV-PG,true,2025-07-02 09:00:00
t34,Mystic Echoes 034,movie,1998,108,TV-14,true,2025-07-02 10:00:00
t35,Final Chronicle 035,movie,1999,115,TV-MA,true,2025-07-02 11:00:00
t36,Pixel Pulse 036,series,2000,20,G,true,2025-07-02 12:00:00
t37,Wild Zero 037,movie,2001,129,PG,true,2025-07-02 13:00:00
t38,Shadow Signal 038,movie,2002,136,PG-13,true,2025-07-02 14:00:00
t39,Golden Archive 039,series,2003,35,R,true,2025-07-02 15:00:00
t40,Neon Drift 040,movie,2004,80,TV-Y,false,2025-07-02 16:00:00
t41,Galactic Harbor 041,movie,2005,87,TV-G,true,2025-07-02 17:00:00
t42,Kitchen Frontier 042,series,2006,50,TV-PG,true,2025-07-02 18:00:00
t43,City Venture 043,movie,2007,101,TV-14,true,2025-07-02 19:00:00
t44,Mystic Echoes 044,movie,2008,108,TV-MA,true,2025-07-02 20:00:00
t45,Final Chronicle 045,series,2009,20,G,true,2025-07-02 21:00:00
t46,Pixel Pulse 046,movie,2010,122,PG,true,2025-07-02 22:00:00
t47,Wild Zero 047,movie,2011,129,PG-13,true,2025-07-02 23:00:00
t48,Shadow Signal 048,series,2012,35,R,true,2025-07-03 00:00:00
t49,Golden Archive 049,movie,2013,143,TV-Y,true,2025-07-03 01:00:00
t50,Neon Drift 050,movie,2014,80,TV-G,true,2025-07-03 02:00:00
t51,Galactic Harbor 051,series,2015,50,TV-PG,true,2025-07-03 03:00:00
t52,Kitchen Frontier 052,movie,2016,94,TV-14,true,2025-07-03 04:00:00
t53,City Venture 053,movie,2017,101,TV-MA,true,2025-07-03 05:00:00
t54,Mystic Echoes 054,series,2018,20,G,true,2025-07-03 06:00:00
t55,Final Chronicle 055,movie,2019,115,PG,true,2025-07-03 07:00:00
t56,Pixel Pulse 056,movie,2020,122,PG-13,true,2025-07-03 08:00:00
t57,Wild Zero 057,series,2021,35,R,true,2025-07-03 09:00:00
t58,Shadow Signal 058,movie,2022,136,TV-Y,true,2025-07-03 10:00:00
t59,Golden Archive 059,movie,2023,143,TV-G,true,2025-07-03 11:00:00
t60,Neon Drift 060,series,2024,50,TV-PG,false,2025-07-03 12:00:00
t61,Galactic Harbor 061,movie,2025,87,TV-14,true,2025-07-03 13:00:00
t62,Kitchen Frontier 062,movie,1995,94,TV-MA,true,2025-07-03 14:00:00
t63,City Venture 063,series,1996,20,G,true,2025-07-03 15:00:00
t64,Mystic Echoes 064,movie,1997,108,PG,true,2025-07-03 16:00:00
t65,Final Chronicle 065,movie,1998,115,PG-13,true,2025-07-03 17:00:00
t66,Pixel Pulse 066,series,1999,35,R,true,2025-07-03 18:00:00
t67,Wild Zero 067,movie,2000,129,TV-Y,true,2025-07-03 19:00:00
t68,Shadow Signal 068,movie,2001,136,TV-G,true,2025-07-03 20:00:00
t69,Golden Archive 069,series,2002,50,TV-PG,true,2025-07-03 21:00:00
t70,Neon Drift 070,movie,2003,80,TV-14,true,2025-07-03 22:00:00
t71,Galactic Harbor 071,movie,2004,87,TV-MA,true,2025-07-03 23:00:00
t72,Kitchen Frontier 072,series,2005,20,G,true,2025-07-04 00:00:00
t73,City Venture 073,movie,2006,101,PG,true,2025-07-04 01:00:00
t74,Mystic Echoes 074,movie,2007,108,PG-13,true,2025-07-04 02:00:00
t75,Final Chronicle 075,series,2008,35,R,true,2025-07-04 03:00:00
t76,Pixel Pulse 076,movie,2009,122,TV-Y,true,2025-07-04 04:00:00
t77,Wild Zero 077,movie,2010,129,TV-G,true,2025-07-04 05:00:00
t78,Shadow Signal 078,series,2011,50,TV-PG,true,2025-07-04 06:00:00
t79,Golden Archive 079,movie,2012,143,TV-14,true,2025-07-04 07:00:00
t80,Neon Drift 080,movie,2013,80,TV-MA,false,2025-07-04 08:00:00
t81,Galactic Harbor 081,series,2014,20,G,true,2025-07-04 09:00:00
t82,Kitchen Frontier 082,movie,2015,94,PG,true,2025-07-04 10:00:00
t83,City Venture 083,movie,2016,101,PG-13,true,2025-07-04 11:00:00
t84,Mystic Echoes 084,series,2017,35,R,true,2025-07-04 12:00:00
t85,Final Chronicle 085,movie,2018,115,TV-Y,true,2025-07-04 13:00:00
t86,Pixel Pulse 086,movie,2019,122,TV-G,true,2025-07-04 14:00:00
t87,Wild Zero 087,series,2020,50,TV-PG,true,2025-07-04 15:00:00
t88,Shadow Signal 088,movie,2021,136,TV-14,true,2025-07-04 16:00:00
t89,Golden Archive 089,movie,2022,143,TV-MA,true,2025-07-04 17:00:00
t90,Neon Drift 090,series,2023,20,G,true,2025-07-04 18:00:00
t91,Galactic Harbor 091,movie,2024,87,PG,true,2025-07-04 19:00:00
t92,Kitchen Frontier 092,movie,2025,94,PG-13,true,2025-07-04 20:00:00
t93,City Venture 093,series,1995,35,R,true,2025-07-04 21:00:00
t94,Mystic Echoes 094,movie,1996,108,TV-Y,true,2025-07-04 22:00:00
t95,Final Chronicle 095,movie,1997,115,TV-G,true,2025-07-04 23:00:00
t96,Pixel Pulse 096,series,1998,50,TV-PG,true,2025-07-05 00:00:00
t97,Wild Zero 097,movie,1999,129,TV-14,true,2025-07-05 01:00:00
t98,Shadow Signal 098,movie,2000,136,TV-MA,true,2025-07-05 02:00:00
t99,Golden Archive 099,series,2001,20,G,true,2025-07-05 03:00:00
t100,Neon Drift 100,movie,2002,80,PG,false,2025-07-05 04:00:00
t101,Galactic Harbor 101,movie,2003,87,PG-13,true,2025-07-05 05:00:00
t102,Kitchen Frontier 102,series,2004,35,R,true,2025-07-05 06:00:00
t103,City Venture 103,movie,2005,101,TV-Y,true,2025-07-05 07:00:00
t104,Mystic Echoes 104,movie,2006,108,TV-G,true,2025-07-05 08:00:00
t105,Final Chronicle 105,series,2007,50,TV-PG,true,2025-07-05 09:00:00
t106,Pixel Pulse 106,movie,2008,122,TV-14,true,2025-07-05 10:00:00
t107,Wild Zero 107,movie,2009,129,TV-MA,true,2025-07-05 11:00:00
t108,Shadow Signal 108,series,2010,20,G,true,2025-07-05 12:00:00
t109,Golden Archive 109,movie,2011,143,PG,true,2025-07-05 13:00:00
t110,Neon Drift 110,movie,2012,80,PG-13,true,2025-07-05 14:00:00
t111,Galactic Harbor 111,series,2013,35,R,true,2025-07-05 15:00:00
t112,Kitchen Frontier 112,movie,2014,94,TV-Y,true,2025-07-05 16:00:00
t113,City Venture 113,movie,2015,101,TV-G,true,2025-07-05 17:00:00
t114,Mystic Echoes 114,series,2016,50,TV-PG,true,2025-07-05 18:00:00
t115,Final Chronicle 115,movie,2017,115,TV-14,true,2025-07-05 19:00:00
t116,Pixel Pulse 116,movie,2018,122,TV-MA,true,2025-07-05 20:00:00
t117,Wild Zero 117,series,2019,20,G,true,2025-07-05 21:00:00
t118,Shadow Signal 118,movie,2020,136,PG,true,2025-07-05 22:00:00
t119,Golden Archive 119,movie,2021,143,PG-13,true,2025-07-05 23:00:00
t120,Neon Drift 120,series,2022,35,R,false,2025-07-06 00:00:00
t121,Galactic Harbor 121,movie,2023,87,TV-Y,true,2025-07-06 01:00:00
t122,Kitchen Frontier 122,movie,2024,94,TV-G,true,2025-07-06 02:00:00
t123,City Venture 123,series,2025,50,TV-PG,true,2025-07-06 03:00:00
t124,Mystic Echoes 124,movie,1995,108,TV-14,true,2025-07-06 04:00:00
t125,Final Chronicle 125,movie,1996,115,TV-MA,true,2025-07-06 05:00:00
t126,Pixel Pulse 126,series,1997,20,G,true,2025-07-06 06:00:00
t127,Wild Zero 127,movie,1998,129,PG,true,2025-07-06 07:00:00
t128,Shadow Signal 128,movie,1999,136,PG-13,true,2025-07-06 08:00:00
t129,Golden Archive 129,series,2000,35,R,true,2025-07-06 09:00:00
t130,Neon Drift 130,movie,2001,80,TV-Y,true,2025-07-06 10:00:00
t131,Galactic Harbor 131,movie,2002,87,TV-G,true,2025-07-06 11:00:00
t132,Kitchen Frontier 132,series,2003,50,TV-PG,true,2025-07-06 12:00:00
t133,City Venture 133,movie,2004,101,TV-14,true,2025-07-06 13:00:00
t134,Mystic Echoes 134,movie,2005,108,TV-MA,true,2025-07-06 14:00:00
t135,Final Chronicle 135,series,2006,20,G,true,2025-07-06 15:00:00
t136,Pixel Pulse 136,movie,2007,122,PG,true,2025-07-06 16:00:00
t137,Wild Zero 137,movie,2008,129,PG-13,true,2025-07-06 17:00:00
t138,Shadow Signal 138,series,2009,35,R,true,2025-07-06 18:00:00
t139,Golden Archive 139,movie,2010,143,TV-Y,true,2025-07-06 19:00:00
t140,Neon Drift 140,movie,2011,80,TV-G,false,2025-07-06 20:00:00
t141,Galactic Harbor 141,series,2012,50,TV-PG,true,2025-07-06 21:00:00
t142,Kitchen Frontier 142,movie,2013,94,TV-14,true,2025-07-06 22:00:00
t143,City Venture 143,movie,2014,101,TV-MA,true,2025-07-06 23:00:00
t144,Mystic Echoes 144,series,2015,20,G,true,2025-07-07 00:00:00
t145,Final Chronicle 145,movie,2016,115,PG,true,2025-07-07 01:00:00
t146,Pixel Pulse 146,movie,2017,122,PG-13,true,2025-07-07 02:00:00
t147,Wild Zero 147,series,2018,35,R,true,2025-07-07 03:00:00
t148,Shadow Signal 148,movie,2019,136,TV-Y,true,2025-07-07 04:00:00
t149,Golden Archive 149,movie,2020,143,TV-G,true,2025-07-07 05:00:00
t150,Neon Drift 150,series,2021,50,TV-PG,true,2025-07-07 06:00:00
t151,Galactic Harbor 151,movie,2022,87,TV-14,true,2025-07-07 07:00:00
t152,Kitchen Frontier 152,movie,2023,94,TV-MA,true,2025-07-07 08:00:00
t153,City Venture 153,series,2024,20,G,true,2025-07-07 09:00:00
t154,Mystic Echoes 154,movie,2025,108,PG,true,2025-07-07 10:00:00
t155,Final Chronicle 155,movie,1995,115,PG-13,true,2025-07-07 11:00:00
t156,Pixel Pulse 156,series,1996,35,R,true,2025-07-07 12:00:00
t157,Wild Zero 157,movie,1997,129,TV-Y,true,2025-07-07 13:00:00
t158,Shadow Signal 158,movie,1998,136,TV-G,true,2025-07-07 14:00:00
t159,Golden Archive 159,series,1999,50,TV-PG,true,2025-07-07 15:00:00
t160,Neon Drift 160,movie,2000,80,TV-14,false,2025-07-07 16:00:00
t161,Galactic Harbor 161,movie,2001,87,TV-MA,true,2025-07-07 17:00:00
t162,Kitchen Frontier 162,series,2002,20,G,true,2025-07-07 18:00:00
t163,City Venture 163,movie,2003,101,PG,true,2025-07-07 19:00:00
t164,Mystic Echoes 164,movie,2004,108,PG-13,true,2025-07-07 20:00:00
t165,Final Chronicle 165,series,2005,35,R,true,2025-07-07 21:00:00
t166,Pixel Pulse 166,movie,2006,122,TV-Y,true,2025-07-07 22:00:00
t167,Wild Zero 167,movie,2007,129,TV-G,true,2025-07-07 23:00:00
t168,Shadow Signal 168,series,2008,50,TV-PG,true,2025-07-08 00:00:00
t169,Golden Archive 169,movie,2009,143,TV-14,true,2025-07-08 01:00:00
t170,Neon Drift 170,movie,2010,80,TV-MA,true,2025-07-08 02:00:00
t171,Galactic Harbor 171,series,2011,20,G,true,2025-07-08 03:00:00
t172,Kitchen Frontier 172,movie,2012,94,PG,true,2025-07-08 04:00:00
t173,City Venture 173,movie,2013,101,PG-13,true,2025-07-08 05:00:00
t174,Mystic Echoes 174,series,2014,35,R,true,2025-07-08 06:00:00
t175,Final Chronicle 175,movie,2015,115,TV-Y,true,2025-07-08 07:00:00
t176,Pixel Pulse 176,movie,2016,122,TV-G,true,2025-07-08 08:00:00
t177,Wild Zero 177,series,2017,50,TV-PG,true,2025-07-08 09:00:00
t178,Shadow Signal 178,movie,2018,136,TV-14,true,2025-07-08 10:00:00
t179,Golden Archive 179,movie,2019,143,TV-MA,true,2025-07-08 11:00:00
t180,Neon Drift 180,series,2020,20,G,false,2025-07-08 12:00:00
t181,Galactic Harbor 181,movie,2021,87,PG,true,2025-07-08 13:00:00
t182,Kitchen Frontier 182,movie,2022,94,PG-13,true,2025-07-08 14:00:00
t183,City Venture 183,series,2023,35,R,true,2025-07-08 15:00:00
t184,Mystic Echoes 184,movie,2024,108,TV-Y,true,2025-07-08 16:00:00
t185,Final Chronicle 185,movie,2025,115,TV-G,true,2025-07-08 17:00:00
t186,Pixel Pulse 186,series,1995,50,TV-PG,true,2025-07-08 18:00:00
t187,Wild Zero 187,movie,1996,129,TV-14,true,2025-07-08 19:00:00
t188,Shadow Signal 188,movie,1997,136,TV-MA,true,2025-07-08 20:00:00
t189,Golden Archive 189,series,1998,20,G,true,2025-07-08 21:00:00
t190,Neon Drift 190,movie,1999,80,PG,true,2025-07-08 22:00:00
t191,Galactic Harbor 191,movie,2000,87,PG-13,true,2025-07-08 23:00:00
t192,Kitchen Frontier 192,series,2001,35,R,true,2025-07-09 00:00:00
t193,City Venture 193,movie,2002,101,TV-Y,true,2025-07-09 01:00:00
t194,Mystic Echoes 194,movie,2003,108,TV-G,true,2025-07-09 02:00:00
t195,Final Chronicle 195,series,2004,50,TV-PG,true,2025-07-09 03:00:00
t196,Pixel Pulse 196,movie,2005,122,TV-14,true,2025-07-09 04:00:00
t197,Wild Zero 197,movie,2006,129,TV-MA,true,2025-07-09 05:00:00
t198,Shadow Signal 198,series,2007,20,G,true,2025-07-09 06:00:00
t199,Golden Archive 199,movie,2008,143,PG,true,2025-07-09 07:00:00
t200,Neon Drift 200,movie,2009,80,PG-13,false,2025-07-09 08:00:00
t201,Galactic Harbor 201,series,2010,35,R,true,2025-07-09 09:00:00
t202,Kitchen Frontier 202,movie,2011,94,TV-Y,true,2025-07-09 10:00:00
t203,City Venture 203,movie,2012,101,TV-G,true,2025-07-09 11:00:00
t204,Mystic Echoes 204,series,2013,50,TV-PG,true,2025-07-09 12:00:00
t205,Final Chronicle 205,movie,2014,115,TV-14,true,2025-07-09 13:00:00
t206,Pixel Pulse 206,movie,2015,122,TV-MA,true,2025-07-09 14:00:00
t207,Wild Zero 207,series,2016,20,G,true,2025-07-09 15:00:00
t208,Shadow Signal 208,movie,2017,136,PG,true,2025-07-09 16:00:00
t209,Golden Archive 209,movie,2018,143,PG-13,true,2025-07-09 17:00:00
t210,Neon Drift 210,series,2019,35,R,true,2025-07-09 18:00:00
t211,Galactic Harbor 211,movie,2020,87,TV-Y,true,2025-07-09 19:00:00
t212,Kitchen Frontier 212,movie,2021,94,TV-G,true,2025-07-09 20:00:00
t213,City Venture 213,series,2022,50,TV-PG,true,2025-07-09 21:00:00
t214,Mystic Echoes 214,movie,2023,108,TV-14,true,2025-07-09 22:00:00
t215,Final Chronicle 215,movie,2024,115,TV-MA,true,2025-07-09 23:00:00
t216,Pixel Pulse 216,series,2025,20,G,true,2025-07-10 00:00:00
t217,Wild Zero 217,movie,1995,129,PG,true,2025-07-10 01:00:00
t218,Shadow Signal 218,movie,1996,136,PG-13,true,2025-07-10 02:00:00
t219,Golden Archive 219,series,1997,35,R,true,2025-07-10 03:00:00
t220,Neon Drift 220,movie,1998,80,TV-Y,false,2025-07-10 04:00:00
t221,Galactic Harbor 221,movie,1999,87,TV-G,true,2025-07-10 05:00:00
t222,Kitchen Frontier 222,series,2000,50,TV-PG,true,2025-07-10 06:00:00
t223,City Venture 223,movie,2001,101,TV-14,true,2025-07-10 07:00:00
t224,Mystic Echoes 224,movie,2002,108,TV-MA,true,2025-07-10 08:00:00
t225,Final Chronicle 225,series,2003,20,G,true,2025-07-10 09:00:00
t226,Pixel Pulse 226,movie,2004,122,PG,true,2025-07-10 10:00:00
t227,Wild Zero 227,movie,2005,129,PG-13,true,2025-07-10 11:00:00
t228,Shadow Signal 228,series,2006,35,R,true,2025-07-10 12:00:00
t229,Golden Archive 229,movie,2007,143,TV-Y,true,2025-07-10 13:00:00
t230,Neon Drift 230,movie,2008,80,TV-G,true,2025-07-10 14:00:00
t231,Galactic Harbor 231,series,2009,50,TV-PG,true,2025-07-10 15:00:00
t232,Kitchen Frontier 232,movie,2010,94,TV-14,true,2025-07-10 16:00:00
t233,City Venture 233,movie,2011,101,TV-MA,true,2025-07-10 17:00:00
t234,Mystic Echoes 234,series,2012,20,G,true,2025-07-10 18:00:00
t235,Final Chronicle 235,movie,2013,115,PG,true,2025-07-10 19:00:00
t236,Pixel Pulse 236,movie,2014,122,PG-13,true,2025-07-10 20:00:00
t237,Wild Zero 237,series,2015,35,R,true,2025-07-10 21:00:00
t238,Shadow Signal 238,movie,2016,136,TV-Y,true,2025-07-10 22:00:00
t239,Golden Archive 239,movie,2017,143,TV-G,true,2025-07-10 23:00:00
t240,Neon Drift 240,series,2018,50,TV-PG,false,2025-07-11 00:00:00
t241,Galactic Harbor 241,movie,2019,87,TV-14,true,2025-07-11 01:00:00
t242,Kitchen Frontier 242,movie,2020,94,TV-MA,true,2025-07-11 02:00:00
t243,City Venture 243,series,2021,20,G,true,2025-07-11 03:00:00
t244,Mystic Echoes 244,movie,2022,108,PG,true,2025-07-11 04:00:00
t245,Final Chronicle 245,movie,2023,115,PG-13,true,2025-07-11 05:00:00
t246,Pixel Pulse 246,series,2024,35,R,true,2025-07-11 06:00:00
t247,Wild Zero 247,movie,2025,129,TV-Y,true,2025-07-11 07:00:00
t248,Shadow Signal 248,movie,1995,136,TV-G,true,2025-07-11 08:00:00
t249,Golden Archive 249,series,1996,50,TV-PG,true,2025-07-11 09:00:00
t250,Neon Drift 250,movie,1997,80,TV-14,true,2025-07-11 10:00:00
t251,Galactic Harbor 251,movie,1998,87,TV-MA,true,2025-07-11 11:00:00
t252,Kitchen Frontier 252,series,1999,20,G,true,2025-07-11 12:00:00
t253,City Venture 253,movie,2000,101,PG,true,2025-07-11 13:00:00
t254,Mystic Echoes 254,movie,2001,108,PG-13,true,2025-07-11 14:00:00
t255,Final Chronicle 255,series,2002,35,R,true,2025-07-11 15:00:00
t256,Pixel Pulse 256,movie,2003,122,TV-Y,true,2025-07-11 16:00:00
t257,Wild Zero 257,movie,2004,129,TV-G,true,2025-07-11 17:00:00
t258,Shadow Signal 258,series,2005,50,TV-PG,true,2025-07-11 18:00:00
t259,Golden Archive 259,movie,2006,143,TV-14,true,2025-07-11 19:00:00
t260,Neon Drift 260,movie,2007,80,TV-MA,false,2025-07-11 20:00:00
t261,Galactic Harbor 261,series,2008,20,G,true,2025-07-11 21:00:00
t262,Kitchen Frontier 262,movie,2009,94,PG,true,2025-07-11 22:00:00
t263,City Venture 263,movie,2010,101,PG-13,true,2025-07-11 23:00:00
t264,Mystic Echoes 264,series,2011,35,R,true,2025-07-12 00:00:00
t265,Final Chronicle 265,movie,2012,115,TV-Y,true,2025-07-12 01:00:00
t266,Pixel Pulse 266,movie,2013,122,TV-G,true,2025-07-12 02:00:00
t267,Wild Zero 267,series,2014,50,TV-PG,true,2025-07-12 03:00:00
t268,Shadow Signal 268,movie,2015,136,TV-14,true,2025-07-12 04:00:00
t269,Golden Archive 269,movie,2016,143,TV-MA,true,2025-07-12 05:00:00
t270,Neon Drift 270,series,2017,20,G,true,2025-07-12 06:00:00
t271,Galactic Harbor 271,movie,2018,87,PG,true,2025-07-12 07:00:00
t272,Kitchen Frontier 272,movie,2019,94,PG-13,true,2025-07-12 08:00:00
t273,City Venture 273,series,2020,35,R,true,2025-07-12 09:00:00
t274,Mystic Echoes 274,movie,2021,108,TV-Y,true,2025-07-12 10:00:00
t275,Final Chronicle 275,movie,2022,115,TV-G,true,2025-07-12 11:00:00
t276,Pixel Pulse 276,series,2023,50,TV-PG,true,2025-07-12 12:00:00
t277,Wild Zero 277,movie,2024,129,TV-14,true,2025-07-12 13:00:00
t278,Shadow Signal 278,movie,2025,136,TV-MA,true,2025-07-12 14:00:00
t279,Golden Archive 279,series,1995,20,G,true,2025-07-12 15:00:00
t280,Neon Drift 280,movie,1996,80,PG,false,2025-07-12 16:00:00
t281,Galactic Harbor 281,movie,1997,87,PG-13,true,2025-07-12 17:00:00
t282,Kitchen Frontier 282,series,1998,35,R,true,2025-07-12 18:00:00
t283,City Venture 283,movie,1999,101,TV-Y,true,2025-07-12 19:00:00
t284,Mystic Echoes 284,movie,2000,108,TV-G,true,2025-07-12 20:00:00
t285,Final Chronicle 285,series,2001,50,TV-PG,true,2025-07-12 21:00:00
t286,Pixel Pulse 286,movie,2002,122,TV-14,true,2025-07-12 22:00:00
t287,Wild Zero 287,movie,2003,129,TV-MA,true,2025-07-12 23:00:00
t288,Shadow Signal 288,series,2004,20,G,true,2025-07-13 00:00:00
t289,Golden Archive 289,movie,2005,143,PG,true,2025-07-13 01:00:00
t290,Neon Drift 290,movie,2006,80,PG-13,true,2025-07-13 02:00:00
t291,Galactic Harbor 291,series,2007,35,R,true,2025-07-13 03:00:00
t292,Kitchen Frontier 292,movie,2008,94,TV-Y,true,2025-07-13 04:00:00
t293,City Venture 293,movie,2009,101,TV-G,true,2025-07-13 05:00:00
t294,Mystic Echoes 294,series,2010,50,TV-PG,true,2025-07-13 06:00:00
t295,Final Chronicle 295,movie,2011,115,TV-14,true,2025-07-13 07:00:00
t296,Pixel Pulse 296,movie,2012,122,TV-MA,true,2025-07-13 08:00:00
t297,Wild Zero 297,series,2013,20,G,true,2025-07-13 09:00:00
t298,Shadow Signal 298,movie,2014,136,PG,true,2025-07-13 10:00:00
t299,Golden Archive 299,movie,2015,143,PG-13,true,2025-07-13 11:00:00
t300,Neon Drift 300,series,2016,35,R,false,2025-07-13 12:00:00
t301,Galactic Harbor 301,movie,2017,87,TV-Y,true,2025-07-13 13:00:00
t302,Kitchen Frontier 302,movie,2018,94,TV-G,true,2025-07-13 14:00:00
t303,City Venture 303,series,2019,50,TV-PG,true,2025-07-13 15:00:00
t304,Mystic Echoes 304,movie,2020,108,TV-14,true,2025-07-13 16:00:00
t305,Final Chronicle 305,movie,2021,115,TV-MA,true,2025-07-13 17:00:00
t306,Pixel Pulse 306,series,2022,20,G,true,2025-07-13 18:00:00
t307,Wild Zero 307,movie,2023,129,PG,true,2025-07-13 19:00:00
t308,Shadow Signal 308,movie,2024,136,PG-13,true,2025-07-13 20:00:00
t309,Golden Archive 309,series,2025,35,R,true,2025-07-13 21:00:00
t310,Neon Drift 310,movie,1995,80,TV-Y,true,2025-07-13 22:00:00
t311,Galactic Harbor 311,movie,1996,87,TV-G,true,2025-07-13 23:00:00
t312,Kitchen Frontier 312,series,1997,50,TV-PG,true,2025-07-14 00:00:00
t313,City Venture 313,movie,1998,101,TV-14,true,2025-07-14 01:00:00
t314,Mystic Echoes 314,movie,1999,108,TV-MA,true,2025-07-14 02:00:00
t315,Final Chronicle 315,series,2000,20,G,true,2025-07-14 03:00:00
t316,Pixel Pulse 316,movie,2001,122,PG,true,2025-07-14 04:00:00
t317,Wild Zero 317,movie,2002,129,PG-13,true,2025-07-14 05:00:00
t318,Shadow Signal 318,series,2003,35,R,true,2025-07-14 06:00:00
t319,Golden Archive 319,movie,2004,143,TV-Y,true,2025-07-14 07:00:00
t320,Neon Drift 320,movie,2005,80,TV-G,false,2025-07-14 08:00:00
t321,Galactic Harbor 321,series,2006,50,TV-PG,true,2025-07-14 09:00:00
t322,Kitchen Frontier 322,movie,2007,94,TV-14,true,2025-07-14 10:00:00
t323,City Venture 323,movie,2008,101,TV-MA,true,2025-07-14 11:00:00
t324,Mystic Echoes 324,series,2009,20,G,true,2025-07-14 12:00:00
t325,Final Chronicle 325,movie,2010,115,PG,true,2025-07-14 13:00:00
t326,Pixel Pulse 326,movie,2011,122,PG-13,true,2025-07-14 14:00:00
t327,Wild Zero 327,series,2012,35,R,true,2025-07-14 15:00:00
t328,Shadow Signal 328,movie,2013,136,TV-Y,true,2025-07-14 16:00:00
t329,Golden Archive 329,movie,2014,143,TV-G,true,2025-07-14 17:00:00
t330,Neon Drift 330,series,2015,50,TV-PG,true,2025-07-14 18:00:00
t331,Galactic Harbor 331,movie,2016,87,TV-14,true,2025-07-14 19:00:00
t332,Kitchen Frontier 332,movie,2017,94,TV-MA,true,2025-07-14 20:00:00
t333,City Venture 333,series,2018,20,G,true,2025-07-14 21:00:00
t334,Mystic Echoes 334,movie,2019,108,PG,true,2025-07-14 22:00:00
t335,Final Chronicle 335,movie,2020,115,PG-13,true,2025-07-14 23:00:00
t336,Pixel Pulse 336,series,2021,35,R,true,2025-07-15 00:00:00
t337,Wild Zero 337,movie,2022,129,TV-Y,true,2025-07-15 01:00:00
t338,Shadow Signal 338,movie,2023,136,TV-G,true,2025-07-15 02:00:00
t339,Golden Archive 339,series,2024,50,TV-PG,true,2025-07-15 03:00:00
t340,Neon Drift 340,movie,2025,80,TV-14,false,2025-07-15 04:00:00
t341,Galactic Harbor 341,movie,1995,87,TV-MA,true,2025-07-15 05:00:00
t342,Kitchen Frontier 342,series,1996,20,G,true,2025-07-15 06:00:00
t343,City Venture 343,movie,1997,101,PG,true,2025-07-15 07:00:00
t344,Mystic Echoes 344,movie,1998,108,PG-13,true,2025-07-15 08:00:00
t345,Final Chronicle 345,series,1999,35,R,true,2025-07-15 09:00:00
t346,Pixel Pulse 346,movie,2000,122,TV-Y,true,2025-07-15 10:00:00
t347,Wild Zero 347,movie,2001,129,TV-G,true,2025-07-15 11:00:00
t348,Shadow Signal 348,series,2002,50,TV-PG,true,2025-07-15 12:00:00
t349,Golden Archive 349,movie,2003,143,TV-14,true,2025-07-15 13:00:00
t350,Neon Drift 350,movie,2004,80,TV-MA,true,2025-07-15 14:00:00
t351,Galactic Harbor 351,series,2005,20,G,true,2025-07-15 15:00:00
t352,Kitchen Frontier 352,movie,2006,94,PG,true,2025-07-15 16:00:00
t353,City Venture 353,movie,2007,101,PG-13,true,2025-07-15 17:00:00
t354,Mystic Echoes 354,series,2008,35,R,true,2025-07-15 18:00:00
t355,Final Chronicle 355,movie,2009,115,TV-Y,true,2025-07-15 19:00:00
t356,Pixel Pulse 356,movie,2010,122,TV-G,true,2025-07-15 20:00:00
t357,Wild Zero 357,series,2011,50,TV-PG,true,2025-07-15 21:00:00
t358,Shadow Signal 358,movie,2012,136,TV-14,true,2025-07-15 22:00:00
t359,Golden Archive 359,movie,2013,143,TV-MA,true,2025-07-15 23:00:00
t360,Neon Drift 360,series,2014,20,G,false,2025-07-16 00:00:00
t361,Galactic Harbor 361,movie,2015,87,PG,true,2025-07-16 01:00:00
t362,Kitchen Frontier 362,movie,2016,94,PG-13,true,2025-07-16 02:00:00
t363,City Venture 363,series,2017,35,R,true,2025-07-16 03:00:00
t364,Mystic Echoes 364,movie,2018,108,TV-Y,true,2025-07-16 04:00:00
t365,Final Chronicle 365,movie,2019,115,TV-G,true,2025-07-16 05:00:00
t366,Pixel Pulse 366,series,2020,50,TV-PG,true,2025-07-16 06:00:00
t367,Wild Zero 367,movie,2021,129,TV-14,true,2025-07-16 07:00:00
t368,Shadow Signal 368,movie,2022,136,TV-MA,true,2025-07-16 08:00:00
t369,Golden Archive 369,series,2023,20,G,true,2025-07-16 09:00:00
t370,Neon Drift 370,movie,2024,80,PG,true,2025-07-16 10:00:00
t371,Galactic Harbor 371,movie,2025,87,PG-13,true,2025-07-16 11:00:00
t372,Kitchen Frontier 372,series,1995,35,R,true,2025-07-16 12:00:00
t373,City Venture 373,movie,1996,101,TV-Y,true,2025-07-16 13:00:00
t374,Mystic Echoes 374,movie,1997,108,TV-G,true,2025-07-16 14:00:00
t375,Final Chronicle 375,series,1998,50,TV-PG,true,2025-07-16 15:00:00
t376,Pixel Pulse 376,movie,1999,122,TV-14,true,2025-07-16 16:00:00
t377,Wild Zero 377,movie,2000,129,TV-MA,true,2025-07-16 17:00:00
t378,Shadow Signal 378,series,2001,20,G,true,2025-07-16 18:00:00
t379,Golden Archive 379,movie,2002,143,PG,true,2025-07-16 19:00:00
t380,Neon Drift 380,movie,2003,80,PG-13,false,2025-07-16 20:00:00
t381,Galactic Harbor 381,series,2004,35,R,true,2025-07-16 21:00:00
t382,Kitchen Frontier 382,movie,2005,94,TV-Y,true,2025-07-16 22:00:00
t383,City Venture 383,movie,2006,101,TV-G,true,2025-07-16 23:00:00
t384,Mystic Echoes 384,series,2007,50,TV-PG,true,2025-07-17 00:00:00
t385,Final Chronicle 385,movie,2008,115,TV-14,true,2025-07-17 01:00:00
t386,Pixel Pulse 386,movie,2009,122,TV-MA,true,2025-07-17 02:00:00
t387,Wild Zero 387,series,2010,20,G,true,2025-07-17 03:00:00
t388,Shadow Signal 388,movie,2011,136,PG,true,2025-07-17 04:00:00
t389,Golden Archive 389,movie,2012,143,PG-13,true,2025-07-17 05:00:00
t390,Neon Drift 390,series,2013,35,R,true,2025-07-17 06:00:00
t391,Galactic Harbor 391,movie,2014,87,TV-Y,true,2025-07-17 07:00:00
t392,Kitchen Frontier 392,movie,2015,94,TV-G,true,2025-07-17 08:00:00
t393,City Venture 393,series,2016,50,TV-PG,true,2025-07-17 09:00:00
t394,Mystic Echoes 394,movie,2017,108,TV-14,true,2025-07-17 10:00:00
t395,Final Chronicle 395,movie,2018,115,TV-MA,true,2025-07-17 11:00:00
t396,Pixel Pulse 396,series,2019,20,G,true,2025-07-17 12:00:00
t397,Wild Zero 397,movie,2020,129,PG,true,2025-07-17 13:00:00
t398,Shadow Signal 398,movie,2021,136,PG-13,true,2025-07-17 14:00:00
t399,Golden Archive 399,series,2022,35,R,true,2025-07-17 15:00:00
t400,Neon Drift 400,movie,2023,80,TV-Y,false,2025-07-17 16:00:00
t401,Galactic Harbor 401,movie,2024,87,TV-G,true,2025-07-17 17:00:00
t402,Kitchen Frontier 402,series,2025,50,TV-PG,true,2025-07-17 18:00:00
t403,City Venture 403,movie,1995,101,TV-14,true,2025-07-17 19:00:00
t404,Mystic Echoes 404,movie,1996,108,TV-MA,true,2025-07-17 20:00:00
t405,Final Chronicle 405,series,1997,20,G,true,2025-07-17 21:00:00
t406,Pixel Pulse 406,movie,1998,122,PG,true,2025-07-17 22:00:00
t407,Wild Zero 407,movie,1999,129,PG-13,true,2025-07-17 23:00:00
t408,Shadow Signal 408,series,2000,35,R,true,2025-07-18 00:00:00
t409,Golden Archive 409,movie,2001,143,TV-Y,true,2025-07-18 01:00:00
t410,Neon Drift 410,movie,2002,80,TV-G,true,2025-07-18 02:00:00
t411,Galactic Harbor 411,series,2003,50,TV-PG,true,2025-07-18 03:00:00
t412,Kitchen Frontier 412,movie,2004,94,TV-14,true,2025-07-18 04:00:00
t413,City Venture 413,movie,2005,101,TV-MA,true,2025-07-18 05:00:00
t414,Mystic Echoes 414,series,2006,20,G,true,2025-07-18 06:00:00
t415,Final Chronicle 415,movie,2007,115,PG,true,2025-07-18 07:00:00
t416,Pixel Pulse 416,movie,2008,122,PG-13,true,2025-07-18 08:00:00
t417,Wild Zero 417,series,2009,35,R,true,2025-07-18 09:00:00
t418,Shadow Signal 418,movie,2010,136,TV-Y,true,2025-07-18 10:00:00
t419,Golden Archive 419,movie,2011,143,TV-G,true,2025-07-18 11:00:00
t420,Neon Drift 420,series,2012,50,TV-PG,false,2025-07-18 12:00:00
t421,Galactic Harbor 421,movie,2013,87,TV-14,true,2025-07-18 13:00:00
t422,Kitchen Frontier 422,movie,2014,94,TV-MA,true,2025-07-18 14:00:00
t423,City Venture 423,series,2015,20,G,true,2025-07-18 15:00:00
t424,Mystic Echoes 424,movie,2016,108,PG,true,2025-07-18 16:00:00
t425,Final Chronicle 425,movie,2017,115,PG-13,true,2025-07-18 17:00:00
t426,Pixel Pulse 426,series,2018,35,R,true,2025-07-18 18:00:00
t427,Wild Zero 427,movie,2019,129,TV-Y,true,2025-07-18 19:00:00
t428,Shadow Signal 428,movie,2020,136,TV-G,true,2025-07-18 20:00:00
t429,Golden Archive 429,series,2021,50,TV-PG,true,2025-07-18 21:00:00
t430,Neon Drift 430,movie,2022,80,TV-14,true,2025-07-18 22:00:00
t431,Galactic Harbor 431,movie,2023,87,TV-MA,true,2025-07-18 23:00:00
t432,Kitchen Frontier 432,series,2024,20,G,true,2025-07-19 00:00:00
t433,City Venture 433,movie,2025,101,PG,true,2025-07-19 01:00:00
t434,Mystic Echoes 434,movie,1995,108,PG-13,true,2025-07-19 02:00:00
t435,Final Chronicle 435,series,1996,35,R,true,2025-07-19 03:00:00
t436,Pixel Pulse 436,movie,1997,122,TV-Y,true,2025-07-19 04:00:00
t437,Wild Zero 437,movie,1998,129,TV-G,true,2025-07-19 05:00:00
t438,Shadow Signal 438,series,1999,50,TV-PG,true,2025-07-19 06:00:00
t439,Golden Archive 439,movie,2000,143,TV-14,true,2025-07-19 07:00:00
t440,Neon Drift 440,movie,2001,80,TV-MA,false,2025-07-19 08:00:00
t441,Galactic Harbor 441,series,2002,20,G,true,2025-07-19 09:00:00
t442,Kitchen Frontier 442,movie,2003,94,PG,true,2025-07-19 10:00:00
t443,City Venture 443,movie,2004,101,PG-13,true,2025-07-19 11:00:00
t444,Mystic Echoes 444,series,2005,35,R,true,2025-07-19 12:00:00
t445,Final Chronicle 445,movie,2006,115,TV-Y,true,2025-07-19 13:00:00
t446,Pixel Pulse 446,movie,2007,122,TV-G,true,2025-07-19 14:00:00
t447,Wild Zero 447,series,2008,50,TV-PG,true,2025-07-19 15:00:00
t448,Shadow Signal 448,movie,2009,136,TV-14,true,2025-07-19 16:00:00
t449,Golden Archive 449,movie,2010,143,TV-MA,true,2025-07-19 17:00:00
t450,Neon Drift 450,series,2011,20,G,true,2025-07-19 18:00:00
t451,Galactic Harbor 451,movie,2012,87,PG,true,2025-07-19 19:00:00
t452,Kitchen Frontier 452,movie,2013,94,PG-13,true,2025-07-19 20:00:00
t453,City Venture 453,series,2014,35,R,true,2025-07-19 21:00:00
t454,Mystic Echoes 454,movie,2015,108,TV-Y,true,2025-07-19 22:00:00
t455,Final Chronicle 455,movie,2016,115,TV-G,true,2025-07-19 23:00:00
t456,Pixel Pulse 456,series,2017,50,TV-PG,true,2025-07-20 00:00:00
t457,Wild Zero 457,movie,2018,129,TV-14,true,2025-07-20 01:00:00
t458,Shadow Signal 458,movie,2019,136,TV-MA,true,2025-07-20 02:00:00
t459,Golden Archive 459,series,2020,20,G,true,2025-07-20 03:00:00
t460,Neon Drift 460,movie,2021,80,PG,false,2025-07-20 04:00:00
t461,Galactic Harbor 461,movie,2022,87,PG-13,true,2025-07-20 05:00:00
t462,Kitchen Frontier 462,series,2023,35,R,true,2025-07-20 06:00:00
t463,City Venture 463,movie,2024,101,TV-Y,true,2025-07-20 07:00:00
t464,Mystic Echoes 464,movie,2025,108,TV-G,true,2025-07-20 08:00:00
t465,Final Chronicle 465,series,1995,50,TV-PG,true,2025-07-20 09:00:00
t466,Pixel Pulse 466,movie,1996,122,TV-14,true,2025-07-20 10:00:00
t467,Wild Zero 467,movie,1997,129,TV-MA,true,2025-07-20 11:00:00
t468,Shadow Signal 468,series,1998,20,G,true,2025-07-20 12:00:00
t469,Golden Archive 469,movie,1999,143,PG,true,2025-07-20 13:00:00
t470,Neon Drift 470,movie,2000,80,PG-13,true,2025-07-20 14:00:00
t471,Galactic Harbor 471,series,2001,35,R,true,2025-07-20 15:00:00
t472,Kitchen Frontier 472,movie,2002,94,TV-Y,true,2025-07-20 16:00:00
t473,City Venture 473,movie,2003,101,TV-G,true,2025-07-20 17:00:00
t474,Mystic Echoes 474,series,2004,50,TV-PG,true,2025-07-20 18:00:00
t475,Final Chronicle 475,movie,2005,115,TV-14,true,2025-07-20 19:00:00
t476,Pixel Pulse 476,movie,2006,122,TV-MA,true,2025-07-20 20:00:00
t477,Wild Zero 477,series,2007,20,G,true,2025-07-20 21:00:00
t478,Shadow Signal 478,movie,2008,136,PG,true,2025-07-20 22:00:00
t479,Golden Archive 479,movie,2009,143,PG-13,true,2025-07-20 23:00:00
t480,Neon Drift 480,series,2010,35,R,false,2025-07-21 00:00:00
t481,Galactic Harbor 481,movie,2011,87,TV-Y,true,2025-07-21 01:00:00
t482,Kitchen Frontier 482,movie,2012,94,TV-G,true,2025-07-21 02:00:00
t483,City Venture 483,series,2013,50,TV-PG,true,2025-07-21 03:00:00
t484,Mystic Echoes 484,movie,2014,108,TV-14,true,2025-07-21 04:00:00
t485,Final Chronicle 485,movie,2015,115,TV-MA,true,2025-07-21 05:00:00
t486,Pixel Pulse 486,series,2016,20,G,true,2025-07-21 06:00:00
t487,Wild Zero 487,movie,2017,129,PG,true,2025-07-21 07:00:00
t488,Shadow Signal 488,movie,2018,136,PG-13,true,2025-07-21 08:00:00
t489,Golden Archive 489,series,2019,35,R,true,2025-07-21 09:00:00
t490,Neon Drift 490,movie,2020,80,TV-Y,true,2025-07-21 10:00:00
t491,Galactic Harbor 491,movie,2021,87,TV-G,true,2025-07-21 11:00:00
t492,Kitchen Frontier 492,series,2022,50,TV-PG,true,2025-07-21 12:00:00
t493,City Venture 493,movie,2023,101,TV-14,true,2025-07-21 13:00:00
t494,Mystic Echoes 494,movie,2024,108,TV-MA,true,2025-07-21 14:00:00
t495,Final Chronicle 495,series,2025,20,G,true,2025-07-21 15:00:00
t496,Pixel Pulse 496,movie,1995,122,PG,true,2025-07-21 16:00:00
t497,Wild Zero 497,movie,1996,129,PG-13,true,2025-07-21 17:00:00
t498,Shadow Signal 498,series,1997,35,R,true,2025-07-21 18:00:00
t499,Golden Archive 499,movie,1998,143,TV-Y,true,2025-07-21 19:00:00
t500,Neon Drift 500,movie,1999,80,TV-G,false,2025-07-21 20:00:00
